review_count,mean_error
528,0.6650974533774636
464,0.7023260023059517
463,0.7887689603842618
447,0.6988420161091508
435,0.843580778713884
434,0.7951552681109872
430,0.8871322551438975
406,0.6567012761614005
391,0.7949146321972312
386,0.7195931920115812
